<drawing><figures><lcaf id="0"><points><p colinear="true" x="169.005859375" y="561.0986914722066" c1x="0" c1y="0" c2x="0" c2y="0"/><p colinear="true" x="282" y="559.6743780492309" c1x="0" c1y="0" c2x="0" c2y="0"/></points><startConnector><rConnector id="1"><Owner><atr id="2" nullable="false" attributeType="VARCHAR2(128)"><children><e id="3" x="26" y="542" w="143.005859375" h="40"><a><fillColor><color rgba="#ffffebeb"/></fillColor></a></e><t id="4" x="45.8671875" y="554.7080078125"><a><text><string>data_nascimento</string></text></a></t></children></atr></Owner></rConnector></startConnector><endConnector><rConnector id="5"><Owner><ent id="6"><children><r id="7" x="282" y="532" w="107" h="54"><a><fillColor><color rgba="#ffebffe8"/></fillColor></a></r><t id="8" x="309.671875" y="551.7080078125"><a><text><string>CLIENTE</string></text></a></t></children></ent></Owner></rConnector></endConnector></lcaf><lcaf id="9"><points><p colinear="true" x="291" y="586" c1x="0" c1y="0" c2x="0" c2y="0"/><p colinear="true" x="225.07407407407408" y="626" c1x="0" c1y="0" c2x="0" c2y="0"/></points><startConnector><rConnector id="a"><Owner><ent ref="6"/></Owner></rConnector></startConnector><endConnector><rConnector id="b"><Owner><atr id="c" nullable="false" attributeType="VARCHAR2(128)"><children><e id="d" x="134" y="626" w="136" h="28"><a><fillColor><color rgba="#ffffebeb"/></fillColor></a></e><t id="e" x="179.0166015625" y="632.7080078125"><a><text><string>morada</string></text></a></t></children></atr></Owner></rConnector></endConnector></lcaf><llabelUm id="f"><points><p colinear="true" x="738.2272727272727" y="294" c1x="0" c1y="0" c2x="0" c2y="0"/><p colinear="true" x="376.532590051458" y="532" c1x="0" c1y="0" c2x="0" c2y="0"/></points><startConnector><rConnector id="10"><Owner><rel id="11"><children><diamond id="12" x="693" y="241" w="171" h="53"><a><fillColor><color rgba="#ffddddff"/></fillColor></a></diamond><t id="13" x="752.6396484375" y="260.2080078125"><a><text><string>COMPRA</string></text></a></t></children></rel></Owner></rConnector></startConnector><endConnector><rConnector id="14"><Owner><ent ref="6"/></Owner></rConnector></endConnector></llabelUm><lcaf id="15"><points><p colinear="true" x="146" y="504.9706498951782" c1x="4" c1y="98.416015625" c2x="4" c2y="98.416015625"/><p colinear="true" x="282" y="543.7463312368973" c1x="4" c1y="98.416015625" c2x="4" c2y="98.416015625"/></points><startConnector><rConnector id="16"><Owner><atr id="17" nullable="false" attributeType="VARCHAR2(128)"><children><e id="18" x="48" y="468" w="98" h="46"><a><fillColor><color rgba="#ffffebeb"/></fillColor></a></e><t id="19" x="80.1513671875" y="483.7080078125"><a><text><string>nome</string></text></a></t></children></atr></Owner></rConnector></startConnector><endConnector><rConnector id="1a"><Owner><ent ref="6"/></Owner></rConnector></endConnector></lcaf><ent ref="6"/><ent id="1b"><children><r id="1c" x="1507" y="516" w="99" h="55"><a><fillColor><color rgba="#ffebffe8"/></fillColor></a></r><t id="1d" x="1534.966796875" y="536.2080078125"><a><text><string>Ve&#xed;culo</string></text></a></t></children></ent><ent id="1e"><children><r id="1f" x="1104" y="542" w="107" h="54"><a><fillColor><color rgba="#ffebffe8"/></fillColor></a></r><t id="20" x="1113.724609375" y="561.7080078125"><a><text><string>FUNCIONARIO</string></text></a></t></children></ent><atr id="21" nullable="false" attributeType="VARCHAR2(128)"><children><e id="22" x="1738" y="428" w="98" h="46"><a><fillColor><color rgba="#ffffebeb"/></fillColor></a></e><t id="23" x="1768.2705078125" y="443.7080078125"><a><text><string>marca</string></text></a></t></children></atr><lcaf id="24"><points><p colinear="true" x="1738" y="470.6637744034707" c1x="4" c1y="98.416015625" c2x="4" c2y="98.416015625"/><p colinear="true" x="1606" y="523.6355748373102" c1x="4" c1y="98.416015625" c2x="4" c2y="98.416015625"/></points><startConnector><rConnector id="25"><Owner><atr ref="21"/></Owner></rConnector></startConnector><endConnector><rConnector id="26"><Owner><ent ref="1b"/></Owner></rConnector></endConnector></lcaf><t id="27" x="4" y="113"><a><text><string>-&gt;</string></text></a></t><atr ref="17"/><ent id="28"><children><r id="29" x="731" y="543" w="107" h="54"><a><fillColor><color rgba="#ffebffe8"/></fillColor></a></r><t id="2a" x="760.587890625" y="562.7080078125"><a><text><string>FATURA</string></text></a></t></children></ent><rel ref="11"/><rel id="2b"><children><diamond id="2c" x="923" y="537" w="85" h="59"><a><fillColor><color rgba="#ffddddff"/></fillColor></a></diamond><t id="2d" x="946.6328125" y="559.2080078125"><a><text><string>EMITE</string></text></a></t></children></rel><atr id="2e" nullable="false" attributeType="VARCHAR2(128)"><children><e id="2f" x="1260" y="580" w="116.8203125" h="34"><a><fillColor><color rgba="#ffffebeb"/></fillColor></a></e><t id="30" x="1270" y="589.7080078125"><a><text><string>numero_vendas</string></text></a></t></children></atr><lcaf id="31"><points><p colinear="true" x="1260" y="586.8360401039012" c1x="4" c1y="98.416015625" c2x="4" c2y="98.416015625"/><p colinear="true" x="1211" y="578.3095428834996" c1x="4" c1y="98.416015625" c2x="4" c2y="98.416015625"/></points><startConnector><rConnector id="32"><Owner><atr ref="2e"/></Owner></rConnector></startConnector><endConnector><rConnector id="33"><Owner><ent ref="1e"/></Owner></rConnector></endConnector></lcaf><atr id="34" nullable="false" attributeType="VARCHAR2(128)"><children><e id="35" x="526" y="472" w="100" h="42"><a><fillColor><color rgba="#ffffebeb"/></fillColor></a></e><t id="36" x="546.0439453125" y="485.7080078125"><a><text><string>valorTotal</string></text></a></t></children></atr><atr id="37" nullable="false" attributeType="VARCHAR2(128)"><children><e id="38" x="518" y="596" w="107.55078125" h="34"><a><fillColor><color rgba="#ffffebeb"/></fillColor></a></e><t id="39" x="527.87109375" y="605.7080078125"><a><text><string>id_Funcionario</string></text></a></t></children></atr><lcaf id="3a"><points><p colinear="true" x="626" y="511.4652278177458" c1x="4" c1y="98.416015625" c2x="4" c2y="98.416015625"/><p colinear="true" x="731" y="550.242206235012" c1x="4" c1y="98.416015625" c2x="4" c2y="98.416015625"/></points><startConnector><rConnector id="3b"><Owner><atr ref="34"/></Owner></rConnector></startConnector><endConnector><rConnector id="3c"><Owner><ent ref="28"/></Owner></rConnector></endConnector></lcaf><lcaf id="3d"><points><p colinear="true" x="731" y="580.8144516365974" c1x="4" c1y="98.416015625" c2x="4" c2y="98.416015625"/><p colinear="true" x="625.55078125" y="602.1298810999403" c1x="4" c1y="98.416015625" c2x="4" c2y="98.416015625"/></points><startConnector><rConnector id="3e"><Owner><ent ref="28"/></Owner></rConnector></startConnector><endConnector><rConnector id="3f"><Owner><atr ref="37"/></Owner></rConnector></endConnector></lcaf><atr id="40" nullable="false" attributeType="VARCHAR2(128)"><children><e id="41" x="1262" y="534" w="62" h="34"><a><fillColor><color rgba="#ffffebeb"/></fillColor></a></e><t id="42" x="1276.1513671875" y="543.7080078125"><a><text><string>nome</string></text></a></t></children></atr><lcaf id="43"><points><p colinear="true" x="1211" y="561.8929889298893" c1x="4" c1y="98.416015625" c2x="4" c2y="98.416015625"/><p colinear="true" x="1262" y="555.1180811808118" c1x="4" c1y="98.416015625" c2x="4" c2y="98.416015625"/></points><startConnector><rConnector id="44"><Owner><ent ref="1e"/></Owner></rConnector></startConnector><endConnector><rConnector id="45"><Owner><atr ref="40"/></Owner></rConnector></endConnector></lcaf><atr id="46" nullable="false" attributeType="VARCHAR2(128)"><children><e id="47" x="516" y="532" w="90" h="36"><a><fillColor><color rgba="#ffffebeb"/></fillColor></a></e><t id="48" x="547.6904296875" y="542.7080078125"><a><text><string>data</string></text></a></t></children></atr><lcaf id="49"><points><p colinear="true" x="731" y="565.2125279642058" c1x="0" c1y="0" c2x="0" c2y="0"/><p colinear="true" x="606" y="554.0268456375838" c1x="0" c1y="0" c2x="0" c2y="0"/></points><startConnector><rConnector id="4a"><Owner><ent ref="28"/></Owner></rConnector></startConnector><endConnector><rConnector id="4b"><Owner><atr ref="46"/></Owner></rConnector></endConnector></lcaf><atr id="4c" nullable="false" attributeType="VARCHAR2(128)"><children><e id="4d" x="576" y="646" w="71.65625" h="34"><a><fillColor><color rgba="#ffffebeb"/></fillColor></a></e><t id="4e" x="581.8369140625" y="655.7080078125"><a><text><string>id_Cliente</string></text></a></t></children></atr><lcaf id="4f"><points><p colinear="true" x="734.3694556451613" y="597" c1x="0" c1y="0" c2x="0" c2y="0"/><p colinear="true" x="643.3918010752689" y="646" c1x="0" c1y="0" c2x="0" c2y="0"/></points><startConnector><rConnector id="50"><Owner><ent ref="28"/></Owner></rConnector></startConnector><endConnector><rConnector id="51"><Owner><atr ref="4c"/></Owner></rConnector></endConnector></lcaf><atr id="52" nullable="false" attributeType="VARCHAR2(128)"><children><e id="53" x="912" y="964" w="88" h="32"><a><fillColor><color rgba="#ffffebeb"/></fillColor></a></e><t id="54" x="935.5625" y="972.7080078125"><a><text><string>seguro</string></text></a></t></children></atr><atr id="55" nullable="false" attributeType="VARCHAR2(128)"><children><e id="56" x="638" y="372" w="90" h="34"><a><fillColor><color rgba="#ffffebeb"/></fillColor></a></e><t id="57" x="654.81640625" y="381.7080078125"><a><text><string>matricula</string></text></a></t></children></atr><lcaf id="58"><points><p colinear="true" x="692.5331491712707" y="406" c1x="0" c1y="0" c2x="0" c2y="0"/><p colinear="true" x="769.3591160220994" y="543" c1x="0" c1y="0" c2x="0" c2y="0"/></points><startConnector><rConnector id="59"><Owner><atr ref="55"/></Owner></rConnector></startConnector><endConnector><rConnector id="5a"><Owner><ent ref="28"/></Owner></rConnector></endConnector></lcaf><llabelMuitos id="5b"><points><p colinear="true" x="923" y="567.3218232044198" c1x="0" c1y="0" c2x="0" c2y="0"/><p colinear="true" x="838" y="568.9654696132596" c1x="0" c1y="0" c2x="0" c2y="0"/></points><startConnector><rConnector id="5c"><Owner><rel ref="2b"/></Owner></rConnector></startConnector><endConnector><rConnector id="5d"><Owner><ent ref="28"/></Owner></rConnector></endConnector><a><text><string>N</string></text></a></llabelMuitos><llabelDoubleUm id="5e"><points><p colinear="true" x="1008" y="567.0533854166666" c1x="0" c1y="0" c2x="0" c2y="0"/><p colinear="true" x="1104" y="568.3033854166666" c1x="0" c1y="0" c2x="0" c2y="0"/></points><startConnector><rConnector id="5f"><Owner><rel ref="2b"/></Owner></rConnector></startConnector><endConnector><rConnector id="60"><Owner><ent ref="1e"/></Owner></rConnector></endConnector><a><innerStrokeWidthFactor><double>3</double></innerStrokeWidthFactor></a></llabelDoubleUm><llabelUm id="61"><points><p colinear="true" x="853.1992753623189" y="294" c1x="0" c1y="0" c2x="0" c2y="0"/><p colinear="true" x="1507" y="525.9395886889461" c1x="0" c1y="0" c2x="0" c2y="0"/></points><startConnector><rConnector id="62"><Owner><rel ref="11"/></Owner></rConnector></startConnector><endConnector><rConnector id="63"><Owner><ent ref="1b"/></Owner></rConnector></endConnector></llabelUm><atr id="64" nullable="false" attributeType="VARCHAR2(128)"><children><e id="65" x="382" y="952" w="94" h="36"><a><fillColor><color rgba="#ffffebeb"/></fillColor></a></e><t id="66" x="404.9296875" y="962.7080078125"><a><text><string>duracao</string></text></a></t></children></atr><atr ref="c"/><atr ref="2"/><atr id="67" nullable="false" attributeType="VARCHAR2(128)"><children><e id="68" x="1714" y="358" w="104" h="40"><a><fillColor><color rgba="#ffffebeb"/></fillColor></a></e><t id="69" x="1729.953125" y="370.7080078125"><a><text><string>combustivel</string></text></a></t></children></atr><lcaf id="6a"><points><p colinear="true" x="1740.6827794561934" y="398" c1x="0" c1y="0" c2x="0" c2y="0"/><p colinear="true" x="1591.3111782477342" y="516" c1x="0" c1y="0" c2x="0" c2y="0"/></points><startConnector><rConnector id="6b"><Owner><atr ref="67"/></Owner></rConnector></startConnector><endConnector><rConnector id="6c"><Owner><ent ref="1b"/></Owner></rConnector></endConnector></lcaf><ent id="6d"><children><r id="6e" x="731" y="873" w="107" h="54"><a><fillColor><color rgba="#ffebffe8"/></fillColor></a></r><t id="6f" x="755.6572265625" y="892.7080078125"><a><text><string>ALUGUER</string></text></a></t></children></ent><rel id="70"><children><diamond id="71" x="736" y="708" w="100" h="68"><a><fillColor><color rgba="#ffddddff"/></fillColor></a></diamond><t id="72" x="762.5390625" y="734.7080078125"><a><text><string>POSSUI</string></text></a></t></children></rel><lcaf id="73"><points><p colinear="true" x="838" y="924.9562682215743" c1x="0" c1y="0" c2x="0" c2y="0"/><p colinear="true" x="921.7" y="964" c1x="0" c1y="0" c2x="0" c2y="0"/></points><startConnector><rConnector id="74"><Owner><ent ref="6d"/></Owner></rConnector></startConnector><endConnector><rConnector id="75"><Owner><atr ref="52"/></Owner></rConnector></endConnector></lcaf><lcaf id="76"><points><p colinear="true" x="731" y="910.534458509142" c1x="0" c1y="0" c2x="0" c2y="0"/><p colinear="true" x="476" y="960.7454289732771" c1x="0" c1y="0" c2x="0" c2y="0"/></points><startConnector><rConnector id="77"><Owner><ent ref="6d"/></Owner></rConnector></startConnector><endConnector><rConnector id="78"><Owner><atr ref="64"/></Owner></rConnector></endConnector></lcaf><atr id="79" nullable="false" attributeType="VARCHAR2(128)"><children><e id="7a" x="730" y="980" w="136" h="32"><a><fillColor><color rgba="#ffffebeb"/></fillColor></a></e><t id="7b" x="763.763671875" y="988.7080078125"><a><text><string>data_inicial</string></text></a></t></children></atr><llabelDoubleUm id="7c"><points><p colinear="true" x="785.703488372093" y="708" c1x="0" c1y="0" c2x="0" c2y="0"/><p colinear="true" x="784.7354651162791" y="597" c1x="0" c1y="0" c2x="0" c2y="0"/></points><startConnector><rConnector id="7d"><Owner><rel ref="70"/></Owner></rConnector></startConnector><endConnector><rConnector id="7e"><Owner><ent ref="28"/></Owner></rConnector></endConnector><a><innerStrokeWidthFactor><double>3</double></innerStrokeWidthFactor></a></llabelDoubleUm><lcaf id="7f"><points><p colinear="true" x="788.296875" y="927" c1x="0" c1y="0" c2x="0" c2y="0"/><p colinear="true" x="795.75" y="980" c1x="0" c1y="0" c2x="0" c2y="0"/></points><startConnector><rConnector id="80"><Owner><ent ref="6d"/></Owner></rConnector></startConnector><endConnector><rConnector id="81"><Owner><atr ref="79"/></Owner></rConnector></endConnector></lcaf><rel id="82"><children><diamond id="83" x="476" y="680" w="100" h="68"><a><fillColor><color rgba="#ffddddff"/></fillColor></a></diamond><t id="84" x="502.7734375" y="706.7080078125"><a><text><string>EFETUA</string></text></a></t></children></rel><rel id="85"><children><diamond id="86" x="1086" y="700" w="100" h="68"><a><fillColor><color rgba="#ffddddff"/></fillColor></a></diamond><t id="87" x="1123.4521484375" y="726.7080078125"><a><text><string>TEM</string></text></a></t></children></rel><llabelUm id="88"><points><p colinear="true" x="785.6772151898734" y="776" c1x="0" c1y="0" c2x="0" c2y="0"/><p colinear="true" x="784.756329113924" y="873" c1x="0" c1y="0" c2x="0" c2y="0"/></points><startConnector><rConnector id="89"><Owner><rel ref="70"/></Owner></rConnector></startConnector><endConnector><rConnector id="8a"><Owner><ent ref="6d"/></Owner></rConnector></endConnector></llabelUm><llabelMuitos id="8b"><points><p colinear="true" x="573.252688172043" y="748" c1x="0" c1y="0" c2x="0" c2y="0"/><p colinear="true" x="746.9758064516129" y="873" c1x="0" c1y="0" c2x="0" c2y="0"/></points><startConnector><rConnector id="8c"><Owner><rel ref="82"/></Owner></rConnector></startConnector><endConnector><rConnector id="8d"><Owner><ent ref="6d"/></Owner></rConnector></endConnector><a><text><string>N</string></text></a></llabelMuitos><llabelDoubleUm id="8e"><points><p colinear="true" x="484.2129032258065" y="680" c1x="0" c1y="0" c2x="0" c2y="0"/><p colinear="true" x="368.68387096774194" y="586" c1x="0" c1y="0" c2x="0" c2y="0"/></points><startConnector><rConnector id="8f"><Owner><rel ref="82"/></Owner></rConnector></startConnector><endConnector><rConnector id="90"><Owner><ent ref="6"/></Owner></rConnector></endConnector><a><innerStrokeWidthFactor><double>3</double></innerStrokeWidthFactor></a></llabelDoubleUm><llabelDoubleUm id="91"><points><p colinear="true" x="1186" y="711.3483947681332" c1x="0" c1y="0" c2x="0" c2y="0"/><p colinear="true" x="1507" y="565.9250891795482" c1x="0" c1y="0" c2x="0" c2y="0"/></points><startConnector><rConnector id="92"><Owner><rel ref="85"/></Owner></rConnector></startConnector><endConnector><rConnector id="93"><Owner><ent ref="1b"/></Owner></rConnector></endConnector><a><innerStrokeWidthFactor><double>3</double></innerStrokeWidthFactor></a></llabelDoubleUm><llabelMuitos id="94"><points><p colinear="true" x="1086" y="757.6130867709815" c1x="0" c1y="0" c2x="0" c2y="0"/><p colinear="true" x="838" y="874.7339971550498" c1x="0" c1y="0" c2x="0" c2y="0"/></points><startConnector><rConnector id="95"><Owner><rel ref="85"/></Owner></rConnector></startConnector><endConnector><rConnector id="96"><Owner><ent ref="6d"/></Owner></rConnector></endConnector><a><text><string>N</string></text></a></llabelMuitos><atr id="97" nullable="false" attributeType="VARCHAR2(128)"><children><e id="98" x="1730" y="504" w="110" h="48"><a><fillColor><color rgba="#ffffebeb"/></fillColor></a></e><t id="99" x="1746.28125" y="520.7080078125"><a><text><string>pre&#xe7;o_venda</string></text></a></t></children></atr><atr id="9a" nullable="false" attributeType="VARCHAR2(128)"><children><e id="9b" x="1726" y="584" w="110" h="48"><a><fillColor><color rgba="#ffffebeb"/></fillColor></a></e><t id="9c" x="1737.828125" y="600.7080078125"><a><text><string>pre&#xe7;o_aluguer</string></text></a></t></children></atr><lcaf id="9d"><points><p colinear="true" x="1730" y="531.730853391685" c1x="0" c1y="0" c2x="0" c2y="0"/><p colinear="true" x="1606" y="540.1422319474835" c1x="0" c1y="0" c2x="0" c2y="0"/></points><startConnector><rConnector id="9e"><Owner><atr ref="97"/></Owner></rConnector></startConnector><endConnector><rConnector id="9f"><Owner><ent ref="1b"/></Owner></rConnector></endConnector></lcaf><lcaf id="a0"><points><p colinear="true" x="1726" y="592.1982182628062" c1x="0" c1y="0" c2x="0" c2y="0"/><p colinear="true" x="1606" y="557.7216035634744" c1x="0" c1y="0" c2x="0" c2y="0"/></points><startConnector><rConnector id="a1"><Owner><atr ref="9a"/></Owner></rConnector></startConnector><endConnector><rConnector id="a2"><Owner><ent ref="1b"/></Owner></rConnector></endConnector></lcaf><atr id="a3" nullable="false" attributeType="VARCHAR2(128)"><children><e id="a4" x="1688" y="654" w="110" h="48"><a><fillColor><color rgba="#ffffebeb"/></fillColor></a></e><t id="a5" x="1722.9521484375" y="670.7080078125"><a><text><string>estado</string></text></a></t></children></atr><lcaf id="a6"><points><p colinear="true" x="1594.631970260223" y="571" c1x="0" c1y="0" c2x="0" c2y="0"/><p colinear="true" x="1709.721189591078" y="654" c1x="0" c1y="0" c2x="0" c2y="0"/></points><startConnector><rConnector id="a7"><Owner><ent ref="1b"/></Owner></rConnector></startConnector><endConnector><rConnector id="a8"><Owner><atr ref="a3"/></Owner></rConnector></endConnector></lcaf><atr id="a9" nullable="false" attributeType="VARCHAR2(128)"><children><e id="aa" x="178" y="362" w="160" h="40"><a><fillColor><color rgba="#ffffebeb"/></fillColor></a></e><t id="ab" x="232.3359375" y="374.7080078125"><a><text><string>contacto</string></text></a></t></children></atr><lcaf id="ac"><points><p colinear="true" x="266.7570621468926" y="402" c1x="0" c1y="0" c2x="0" c2y="0"/><p colinear="true" x="323.6779661016949" y="532" c1x="0" c1y="0" c2x="0" c2y="0"/></points><startConnector><rConnector id="ad"><Owner><atr ref="a9"/></Owner></rConnector></startConnector><endConnector><rConnector id="ae"><Owner><ent ref="6"/></Owner></rConnector></endConnector></lcaf><atr id="af" nullable="false" attributeType="VARCHAR2(128)"><children><e id="b0" x="1038" y="934" w="94" h="36"><a><fillColor><color rgba="#ffffebeb"/></fillColor></a></e><t id="b1" x="1056.81640625" y="944.7080078125"><a><text><string>matricula</string></text></a></t></children></atr><lcaf id="b2"><points><p colinear="true" x="838" y="909.2579034941764" c1x="0" c1y="0" c2x="0" c2y="0"/><p colinear="true" x="1038" y="943.8668885191348" c1x="0" c1y="0" c2x="0" c2y="0"/></points><startConnector><rConnector id="b3"><Owner><ent ref="6d"/></Owner></rConnector></startConnector><endConnector><rConnector id="b4"><Owner><atr ref="af"/></Owner></rConnector></endConnector></lcaf><atr id="b5" nullable="false" attributeType="VARCHAR2(128)"><children><e id="b6" x="634" y="680" w="71.65625" h="34"><a><fillColor><color rgba="#ffffebeb"/></fillColor></a></e><t id="b7" x="658.4375" y="689.7080078125"><a><text><string>tipo</string></text></a></t></children></atr><lcaf id="b8"><points><p colinear="true" x="760.1209399606299" y="597" c1x="0" c1y="0" c2x="0" c2y="0"/><p colinear="true" x="685.1779035433071" y="680" c1x="0" c1y="0" c2x="0" c2y="0"/></points><startConnector><rConnector id="b9"><Owner><ent ref="28"/></Owner></rConnector></startConnector><endConnector><rConnector id="ba"><Owner><atr ref="b5"/></Owner></rConnector></endConnector></lcaf><atr id="bb" nullable="false" attributeType="VARCHAR2(128)"><children><e id="bc" x="240" y="258" w="114" h="64"><a><fillColor><color rgba="#ffffebeb"/></fillColor></a></e><t id="bd" x="280.693359375" y="282.7080078125"><a><text><string>email</string></text></a></t></children></atr><lcaf id="be"><points><p colinear="true" x="283.4347826086956" y="322" c1x="0" c1y="0" c2x="0" c2y="0"/><p colinear="true" x="266.47826086956525" y="362" c1x="0" c1y="0" c2x="0" c2y="0"/></points><startConnector><rConnector id="bf"><Owner><atr ref="bb"/></Owner></rConnector></startConnector><endConnector><rConnector id="c0"><Owner><atr ref="a9"/></Owner></rConnector></endConnector></lcaf><atr id="c1" nullable="false" attributeType="VARCHAR2(128)"><children><e id="c2" x="16" y="646" w="98" h="46"><a><fillColor><color rgba="#ffffebeb"/></fillColor></a></e><t id="c3" x="32.5595703125" y="661.7080078125"><a><text><string>cod_postal</string></text></a></t></children></atr><atr id="c4" nullable="false" attributeType="VARCHAR2(128)"><children><e id="c5" x="66" y="708" w="98" h="46"><a><fillColor><color rgba="#ffffebeb"/></fillColor></a></e><t id="c6" x="105.0390625" y="723.7080078125"><a><text><string>rua</string></text></a></t></children></atr><lcaf id="c7"><points><p colinear="true" x="135.86206896551724" y="654" c1x="0" c1y="0" c2x="0" c2y="0"/><p colinear="true" x="114" y="658.6277372262774" c1x="0" c1y="0" c2x="0" c2y="0"/></points><startConnector><rConnector id="c8"><Owner><atr ref="c"/></Owner></rConnector></startConnector><endConnector><rConnector id="c9"><Owner><atr ref="c1"/></Owner></rConnector></endConnector></lcaf><lcaf id="ca"><points><p colinear="true" x="188.6153846153846" y="654" c1x="0" c1y="0" c2x="0" c2y="0"/><p colinear="true" x="136.98901098901098" y="708" c1x="0" c1y="0" c2x="0" c2y="0"/></points><startConnector><rConnector id="cb"><Owner><atr ref="c"/></Owner></rConnector></startConnector><endConnector><rConnector id="cc"><Owner><atr ref="c4"/></Owner></rConnector></endConnector></lcaf><atr id="cd" nullable="false" attributeType="VARCHAR2(128)"><children><e id="ce" x="160" y="738" w="98" h="46"><a><fillColor><color rgba="#ffffebeb"/></fillColor></a></e><t id="cf" x="179.03515625" y="753.7080078125"><a><text><string>localidade</string></text></a></t></children></atr><lcaf id="d0"><points><p colinear="true" x="202.8099173553719" y="654" c1x="0" c1y="0" c2x="0" c2y="0"/><p colinear="true" x="207.6694214876033" y="738" c1x="0" c1y="0" c2x="0" c2y="0"/></points><startConnector><rConnector id="d1"><Owner><atr ref="c"/></Owner></rConnector></startConnector><endConnector><rConnector id="d2"><Owner><atr ref="cd"/></Owner></rConnector></endConnector></lcaf><atr id="d3" nullable="false" attributeType="VARCHAR2(128)"><children><e id="d4" x="256" y="708" w="98" h="46"><a><fillColor><color rgba="#ffffebeb"/></fillColor></a></e><t id="d5" x="278.650390625" y="723.7080078125"><a><text><string>concelho</string></text></a></t></children></atr><lcaf id="d6"><points><p colinear="true" x="217.84615384615387" y="654" c1x="0" c1y="0" c2x="0" c2y="0"/><p colinear="true" x="278.96703296703294" y="708" c1x="0" c1y="0" c2x="0" c2y="0"/></points><startConnector><rConnector id="d7"><Owner><atr ref="c"/></Owner></rConnector></startConnector><endConnector><rConnector id="d8"><Owner><atr ref="d3"/></Owner></rConnector></endConnector></lcaf><atr id="d9" nullable="false" attributeType="VARCHAR2(128)"><children><e id="da" x="1636" y="710" w="98" h="46"><a><fillColor><color rgba="#ffffebeb"/></fillColor></a></e><t id="db" x="1662.921875" y="725.7080078125"><a><text><string>modelo</string></text></a></t></children></atr><lcaf id="dc"><points><p colinear="true" x="1575.1477572559368" y="571" c1x="0" c1y="0" c2x="0" c2y="0"/><p colinear="true" x="1669.4036939313985" y="710" c1x="0" c1y="0" c2x="0" c2y="0"/></points><startConnector><rConnector id="dd"><Owner><ent ref="1b"/></Owner></rConnector></startConnector><endConnector><rConnector id="de"><Owner><atr ref="d9"/></Owner></rConnector></endConnector></lcaf><atr id="df" nullable="false" attributeType="VARCHAR2(128)"><children><e id="e0" x="858" y="1052" w="88" h="32"><a><fillColor><color rgba="#ffffebeb"/></fillColor></a></e><t id="e1" x="889.2763671875" y="1060.7080078125"><a><text><string>Tipo</string></text></a></t></children></atr><lcaf id="e2"><points><p colinear="true" x="946.1818181818181" y="996" c1x="0" c1y="0" c2x="0" c2y="0"/><p colinear="true" x="911.8181818181819" y="1052" c1x="0" c1y="0" c2x="0" c2y="0"/></points><startConnector><rConnector id="e3"><Owner><atr ref="52"/></Owner></rConnector></startConnector><endConnector><rConnector id="e4"><Owner><atr ref="df"/></Owner></rConnector></endConnector></lcaf><atr id="e5" nullable="false" attributeType="VARCHAR2(128)"><children><e id="e6" x="984" y="1042" w="88" h="32"><a><fillColor><color rgba="#ffffebeb"/></fillColor></a></e><t id="e7" x="1011.359375" y="1050.7080078125"><a><text><string>pre&#xe7;o</string></text></a></t></children></atr><lcaf id="e8"><points><p colinear="true" x="970.7692307692307" y="996" c1x="0" c1y="0" c2x="0" c2y="0"/><p colinear="true" x="1013.2307692307692" y="1042" c1x="0" c1y="0" c2x="0" c2y="0"/></points><startConnector><rConnector id="e9"><Owner><atr ref="52"/></Owner></rConnector></startConnector><endConnector><rConnector id="ea"><Owner><atr ref="e5"/></Owner></rConnector></endConnector></lcaf><atr id="eb" nullable="false" attributeType="VARCHAR2(128)"><children><e id="ec" x="754" y="364" w="71.65625" h="34"><a><fillColor><color rgba="#ffffebeb"/></fillColor></a></e><t id="ed" x="764.9111328125" y="373.7080078125"><a><text><string>garantia</string></text></a></t></children></atr><lcaf id="ee"><points><p colinear="true" x="789.3488756613757" y="398" c1x="0" c1y="0" c2x="0" c2y="0"/><p colinear="true" x="785.2611607142858" y="543" c1x="0" c1y="0" c2x="0" c2y="0"/></points><startConnector><rConnector id="ef"><Owner><atr ref="eb"/></Owner></rConnector></startConnector><endConnector><rConnector id="f0"><Owner><ent ref="28"/></Owner></rConnector></endConnector></lcaf><atr id="f1" nullable="false" attributeType="VARCHAR2(128)"><children><e id="f2" x="500" y="966" w="100" h="48"><a><fillColor><color rgba="#ffffebeb"/></fillColor></a></e><t id="f3" x="520.0087890625" y="982.7080078125"><a><text><string>id_Cliente</string></text></a></t></children></atr><lcaf id="f4"><points><p colinear="true" x="731" y="920.5330490405117" c1x="0" c1y="0" c2x="0" c2y="0"/><p colinear="true" x="600" y="970.8102345415779" c1x="0" c1y="0" c2x="0" c2y="0"/></points><startConnector><rConnector id="f5"><Owner><ent ref="6d"/></Owner></rConnector></startConnector><endConnector><rConnector id="f6"><Owner><atr ref="f1"/></Owner></rConnector></endConnector></lcaf><atr id="f7" nullable="false" attributeType="VARCHAR2(128)"><children><e id="f8" x="844" y="388" w="77.15234375" h="34"><a><fillColor><color rgba="#ffffebeb"/></fillColor></a></e><t id="f9" x="850.162109375" y="397.7080078125"><a><text><string>id_Aluguer</string></text></a></t></children></atr><atrchave id="fa" nullable="false" attributeType="NUMBER"><children><e id="fb" x="72" y="398" w="120" h="54"><a><fillColor><color rgba="#ffffebeb"/></fillColor></a></e><t id="fc" x="98.068359375" y="417.7080078125"><a><fontUnderlined><boolean>true</boolean></fontUnderlined><fontBold><boolean>true</boolean></fontBold><text><string>id_Cliente</string></text></a></t></children></atrchave><atrchave id="fd" nullable="false" attributeType="NUMBER"><children><e id="fe" x="576" y="412" w="100" h="44"><a><fillColor><color rgba="#ffffebeb"/></fillColor></a></e><t id="ff" x="593.580078125" y="426.7080078125"><a><fontUnderlined><boolean>true</boolean></fontUnderlined><fontBold><boolean>true</boolean></fontBold><text><string>id_Fatura</string></text></a></t></children></atrchave><lcaf id="100"><points><p colinear="true" x="872.4713541666666" y="422" c1x="0" c1y="0" c2x="0" c2y="0"/><p colinear="true" x="800.548828125" y="543" c1x="0" c1y="0" c2x="0" c2y="0"/></points><startConnector><rConnector id="101"><Owner><atr ref="f7"/></Owner></rConnector></startConnector><endConnector><rConnector id="102"><Owner><ent ref="28"/></Owner></rConnector></endConnector></lcaf><atrchave id="103" nullable="false" attributeType="NUMBER"><children><e id="104" x="618" y="982" w="98" h="38"><a><fillColor><color rgba="#ffffebeb"/></fillColor></a></e><t id="105" x="630.068359375" y="993.7080078125"><a><fontUnderlined><boolean>true</boolean></fontUnderlined><fontBold><boolean>true</boolean></fontBold><text><string>id_Aluguer</string></text></a></t></children></atrchave><lcaf id="106"><points><p colinear="true" x="753.0891089108911" y="927" c1x="0" c1y="0" c2x="0" c2y="0"/><p colinear="true" x="689.1039603960396" y="982" c1x="0" c1y="0" c2x="0" c2y="0"/></points><startConnector><rConnector id="107"><Owner><ent ref="6d"/></Owner></rConnector></startConnector><endConnector><rConnector id="108"><Owner><atrchave ref="103"/></Owner></rConnector></endConnector></lcaf><atrchave id="109" nullable="false" attributeType="NUMBER"><children><e id="10a" x="1228" y="476" w="120" h="32"><a><fillColor><color rgba="#ffffebeb"/></fillColor></a></e><t id="10b" x="1237.90234375" y="484.7080078125"><a><fontUnderlined><boolean>true</boolean></fontUnderlined><fontBold><boolean>true</boolean></fontBold><text><string>id_Funcionario</string></text></a></t></children></atrchave><lcaf id="10c"><points><p colinear="true" x="1260.8831168831168" y="508" c1x="0" c1y="0" c2x="0" c2y="0"/><p colinear="true" x="1203.2597402597403" y="542" c1x="0" c1y="0" c2x="0" c2y="0"/></points><startConnector><rConnector id="10d"><Owner><atrchave ref="109"/></Owner></rConnector></startConnector><endConnector><rConnector id="10e"><Owner><ent ref="1e"/></Owner></rConnector></endConnector></lcaf><atrchave id="10f" nullable="false" attributeType="NUMBER"><children><e id="110" x="1652" y="288" w="126" h="44"><a><fillColor><color rgba="#ffffebeb"/></fillColor></a></e><t id="111" x="1683.013671875" y="302.7080078125"><a><fontUnderlined><boolean>true</boolean></fontUnderlined><fontBold><boolean>true</boolean></fontBold><text><string>matricula</string></text></a></t></children></atrchave><lcaf id="112"><points><p colinear="true" x="1700.066381156317" y="332" c1x="0" c1y="0" c2x="0" c2y="0"/><p colinear="true" x="1575.167023554604" y="516" c1x="0" c1y="0" c2x="0" c2y="0"/></points><startConnector><rConnector id="113"><Owner><atrchave ref="10f"/></Owner></rConnector></startConnector><endConnector><rConnector id="114"><Owner><ent ref="1b"/></Owner></rConnector></endConnector></lcaf><lcaf id="115"><points><p colinear="true" x="173.00373134328356" y="452" c1x="0" c1y="0" c2x="0" c2y="0"/><p colinear="true" x="294.49626865671644" y="532" c1x="0" c1y="0" c2x="0" c2y="0"/></points><startConnector><rConnector id="116"><Owner><atrchave ref="fa"/></Owner></rConnector></startConnector><endConnector><rConnector id="117"><Owner><ent ref="6"/></Owner></rConnector></endConnector></lcaf><atr id="118" nullable="false" attributeType="VARCHAR2(128)"><children><e id="119" x="94" y="260" w="114" h="64"><a><fillColor><color rgba="#ffffebeb"/></fillColor></a></e><t id="11a" x="121.591796875" y="284.7080078125"><a><text><string>telemovel</string></text></a></t></children></atr><lcaf id="11b"><points><p colinear="true" x="189.04444444444445" y="324" c1x="0" c1y="0" c2x="0" c2y="0"/><p colinear="true" x="234.22222222222223" y="362" c1x="0" c1y="0" c2x="0" c2y="0"/></points><startConnector><rConnector id="11c"><Owner><atr ref="118"/></Owner></rConnector></startConnector><endConnector><rConnector id="11d"><Owner><atr ref="a9"/></Owner></rConnector></endConnector></lcaf></figures></drawing>